City_ID,City,Lat,Lng,Max Temp,Humidity,Cloudiness,Wind Speed,Country,Date
0,Hambantota,6.1241,81.1185,86.34,62,40,18.41,LK,2021-09-27 12:29:22
1,Tiksi,71.6872,128.8694,34.14,97,100,13.33,RU,2021-09-27 12:24:21
2,Abu Zabad,12.35,29.25,92.95,34,18,9.15,SD,2021-09-27 12:29:23
3,San Patricio,28.017,-97.5169,78.64,81,57,3.8,US,2021-09-27 12:29:24
4,Hilo,19.7297,-155.09,73.62,95,90,3.44,US,2021-09-27 12:22:01
5,Ulaangom,49.9811,92.0667,38.35,23,47,12.46,MN,2021-09-27 12:29:26
6,Bluff,-46.6,168.3333,38.8,80,25,9.84,NZ,2021-09-27 12:24:30
7,Tuktoyaktuk,69.4541,-133.0374,28.0,86,95,13.78,CA,2021-09-27 12:22:59
8,Qufu,35.5967,116.9911,68.9,92,98,4.16,CN,2021-09-27 12:29:27
9,Kaitangata,-46.2817,169.8464,40.93,79,3,5.3,NZ,2021-09-27 12:21:48
10,Tuatapere,-46.1333,167.6833,38.82,86,34,5.39,NZ,2021-09-27 12:21:27
11,Cape Town,-33.9258,18.4232,64.11,73,75,14.97,ZA,2021-09-27 12:19:15
12,Bambous Virieux,-20.3428,57.7575,77.25,65,75,12.66,MU,2021-09-27 12:22:04
13,Rikitea,-23.1203,-134.9692,73.58,69,2,19.37,PF,2021-09-27 12:21:43
14,Kahului,20.8947,-156.47,77.85,88,1,16.11,US,2021-09-27 12:24:26
15,Evensk,61.95,159.2333,39.24,51,67,5.99,RU,2021-09-27 12:26:59
16,Guerrero Negro,27.9769,-114.0611,67.42,79,3,11.7,MX,2021-09-27 12:29:28
17,Kloulklubed,7.0419,134.2556,77.5,73,54,4.92,PW,2021-09-27 12:24:41
18,Palmas,-10.2128,-48.3603,78.67,83,75,5.75,BR,2021-09-27 12:29:29
19,Mahebourg,-20.4081,57.7,77.29,65,75,12.66,MU,2021-09-27 12:29:31
20,Cascais,38.6979,-9.4215,77.61,69,20,1.01,PT,2021-09-27 12:28:16
21,Butaritari,3.0707,172.7902,83.1,77,22,18.79,KI,2021-09-27 12:21:45
22,Iqaluit,63.7506,-68.5145,33.53,64,40,13.0,CA,2021-09-27 12:23:53
23,Coquimbo,-29.9533,-71.3436,51.53,100,90,8.05,CL,2021-09-27 12:26:51
24,Jamestown,42.097,-79.2353,61.52,53,1,5.01,US,2021-09-27 12:22:45
25,Qaanaaq,77.484,-69.3632,22.44,63,100,7.14,GL,2021-09-27 12:22:08
26,Nikolskoye,59.7035,30.7861,57.87,61,21,6.49,RU,2021-09-27 12:24:10
27,Ushuaia,-54.8,-68.3,40.66,81,20,8.05,AR,2021-09-27 12:19:43
28,Port Elizabeth,-33.918,25.5701,68.29,73,75,34.52,ZA,2021-09-27 12:23:25
29,Namatanai,-3.6667,152.4333,80.38,79,86,4.43,PG,2021-09-27 12:24:09
30,Necochea,-38.5473,-58.7368,49.03,68,85,5.75,AR,2021-09-27 12:29:34
31,Guadalupe Victoria,32.2869,-115.105,77.52,55,2,6.2,MX,2021-09-27 12:29:36
32,Saint George,37.1041,-113.5841,72.54,54,1,3.0,US,2021-09-27 12:23:56
33,Usinsk,65.9939,57.5281,42.94,56,100,9.55,RU,2021-09-27 12:23:08
34,East London,-33.0153,27.9116,70.74,68,0,27.63,ZA,2021-09-27 12:24:42
35,Bintulu,3.1667,113.0333,75.61,100,40,2.3,MY,2021-09-27 12:29:37
36,Vaini,-21.2,-175.2,60.96,100,20,3.44,TO,2021-09-27 12:21:27
37,Barra Do Corda,-5.5,-45.25,88.41,50,14,6.13,BR,2021-09-27 12:29:38
38,Cabo San Lucas,22.8909,-109.9124,80.51,72,1,11.5,MX,2021-09-27 12:27:20
39,Albany,42.6001,-73.9662,59.27,84,70,2.64,US,2021-09-27 12:23:11
40,Bull Savanna,17.8868,-77.5902,76.96,79,6,3.94,JM,2021-09-27 12:29:39
41,Lakselv,70.0513,24.9718,66.02,52,0,14.97,NO,2021-09-27 12:29:40
42,Shubarshi,48.5872,57.1869,59.74,42,86,19.01,KZ,2021-09-27 12:29:42
43,Cidreira,-30.1811,-50.2056,69.12,79,17,6.46,BR,2021-09-27 12:23:45
44,Amahai,-3.3333,128.9167,78.84,87,80,2.68,ID,2021-09-27 12:29:43
45,Avarua,-21.2078,-159.775,71.65,94,75,2.3,CK,2021-09-27 12:22:13
46,Hovd,48.0056,91.6419,36.03,27,4,13.0,MN,2021-09-27 12:23:16
47,Sorland,67.667,12.6934,66.27,88,89,6.13,NO,2021-09-27 12:21:22
48,Punta Arenas,-53.15,-70.9167,42.91,70,0,16.11,CL,2021-09-27 12:21:23
49,Upernavik,72.7868,-56.1549,24.4,61,4,4.99,GL,2021-09-27 12:22:34
50,Banjar,-8.19,114.9675,80.46,86,82,6.15,ID,2021-09-27 12:29:44
51,Provideniya,64.3833,-173.3,28.98,86,23,3.42,RU,2021-09-27 12:22:10
52,Brokopondo,4.75,-55.1667,80.31,75,3,9.37,SR,2021-09-27 12:29:44
53,Vao,-22.6667,167.4833,67.55,69,14,10.27,NC,2021-09-27 12:29:47
54,Krasnyy Chikoy,50.3643,108.7512,37.22,96,89,4.36,RU,2021-09-27 12:29:47
55,Portree,57.4129,-6.1942,55.85,86,100,9.46,GB,2021-09-27 12:29:47
56,Mwingi,-0.9344,38.0601,88.36,26,43,9.17,KE,2021-09-27 12:29:49
57,Dauphin,51.1494,-100.0502,39.34,100,1,3.44,CA,2021-09-27 12:29:50
58,San Cristobal,7.7669,-72.225,73.58,74,28,3.56,VE,2021-09-27 12:29:52
59,Lebu,-37.6167,-73.65,46.62,69,1,13.47,CL,2021-09-27 12:21:51
60,Agadez,19.75,10.25,94.24,11,0,7.94,NE,2021-09-27 12:29:53
61,Tasiilaq,65.6145,-37.6368,35.76,55,23,6.26,GL,2021-09-27 12:29:54
62,Nuuk,64.1835,-51.7216,32.61,55,1,11.5,GL,2021-09-27 12:29:56
63,Liverpool,53.4106,-2.9779,63.18,68,40,5.99,GB,2021-09-27 12:29:57
64,Saint-Philippe,-21.3585,55.7679,78.39,78,50,14.07,RE,2021-09-27 12:22:27
65,Busselton,-33.65,115.3333,56.05,87,25,10.11,AU,2021-09-27 12:21:50
66,Aleksandrov Gay,50.147,48.5704,56.62,68,98,11.86,RU,2021-09-27 12:29:59
67,Marawi,7.9986,124.2928,66.65,90,89,2.48,PH,2021-09-27 12:30:00
68,Yellowknife,62.456,-114.3525,34.32,100,1,5.75,CA,2021-09-27 12:22:39
69,Dikson,73.5069,80.5464,36.95,82,64,23.22,RU,2021-09-27 12:22:24
70,Port Alfred,-33.5906,26.891,71.1,69,21,27.94,ZA,2021-09-27 12:23:22
71,Methoni,36.8197,21.7049,82.26,58,0,14.27,GR,2021-09-27 12:30:01
72,Juneau,58.3019,-134.4197,47.84,95,90,3.44,US,2021-09-27 12:30:03
73,Treinta Y Tres,-33.2333,-54.3833,65.17,74,0,6.58,UY,2021-09-27 12:30:04
74,Katsuura,35.1333,140.3,70.2,73,68,15.99,JP,2021-09-27 12:19:02
75,Meulaboh,4.1363,96.1285,76.62,86,97,3.22,ID,2021-09-27 12:30:06
76,Port Hardy,50.6996,-127.4199,51.98,93,90,11.5,CA,2021-09-27 12:30:06
77,Caconda,-13.7333,15.0667,88.61,14,98,4.16,AO,2021-09-27 12:30:08
78,Amarpatan,24.3167,80.9833,81.91,74,80,7.25,IN,2021-09-27 12:30:09
79,Narsaq,60.9167,-46.05,28.62,33,0,5.86,GL,2021-09-27 12:23:17
80,Port Blair,11.6667,92.75,80.94,80,100,7.81,IN,2021-09-27 12:30:10
81,Jiuquan,39.7432,98.5174,68.34,14,0,6.04,CN,2021-09-27 12:30:10
82,Lujan,-34.5703,-59.105,60.51,92,100,5.01,AR,2021-09-27 12:30:10
83,Atuona,-9.8,-139.0333,77.41,73,20,20.33,PF,2021-09-27 12:22:29
84,Jalu,29.0331,21.5482,88.61,20,0,7.14,LY,2021-09-27 12:30:12
85,New Norfolk,-42.7826,147.0587,49.71,92,59,2.48,AU,2021-09-27 12:21:51
86,Gerash,27.6652,54.1371,98.74,12,6,8.48,IR,2021-09-27 12:30:13
87,Inyonga,-6.7167,32.0667,89.51,22,100,3.09,TZ,2021-09-27 12:30:15
88,Ushumun,52.7833,126.5333,45.55,71,7,6.89,RU,2021-09-27 12:30:16
89,Faya,18.3851,42.4509,82.51,15,63,15.12,SA,2021-09-27 12:30:18
90,Karratha,-20.7377,116.8463,76.96,29,50,13.96,AU,2021-09-27 12:30:19
91,Severo-Kurilsk,50.6789,156.125,47.07,90,15,9.1,RU,2021-09-27 12:30:19
92,Hobart,-42.8794,147.3294,50.05,80,0,8.05,AU,2021-09-27 12:23:32
93,Qaqortoq,60.7167,-46.0333,28.9,33,0,4.92,GL,2021-09-27 12:30:21
94,Clyde River,70.4692,-68.5914,25.07,89,98,9.71,CA,2021-09-27 12:24:23
95,Rosarito,32.3333,-117.0333,65.35,77,90,6.49,MX,2021-09-27 12:30:23
96,Bekobod,40.2208,69.2697,74.89,40,0,7.49,UZ,2021-09-27 12:30:24
97,Hasaki,35.7333,140.8333,66.6,69,76,14.7,JP,2021-09-27 12:30:24
98,Quatre Cocos,-20.2078,57.7625,77.11,70,6,18.12,MU,2021-09-27 12:22:22
99,Hurghada,27.2574,33.8129,89.64,33,0,19.57,EG,2021-09-27 12:30:25
100,Natal,-5.795,-35.2094,77.65,100,90,12.66,BR,2021-09-27 12:30:26
101,Puerto Ayora,-0.7393,-90.3518,68.49,92,99,8.48,EC,2021-09-27 12:21:57
102,Almaznyy,48.0448,40.045,59.14,50,51,11.61,RU,2021-09-27 12:30:28
103,Waddan,29.1614,16.139,85.06,26,100,1.81,LY,2021-09-27 12:30:29
104,Mahenge,-8.6833,36.7167,85.12,26,41,6.2,TZ,2021-09-27 12:30:30
105,La Asuncion,11.0333,-63.8628,84.2,69,8,7.45,VE,2021-09-27 12:30:32
106,Oltedal,58.831,6.0466,65.46,77,100,24.11,NO,2021-09-27 12:30:33
107,Gimli,50.6336,-96.9907,53.62,76,7,11.5,CA,2021-09-27 12:30:34
108,Querecotillo,-4.8378,-80.6456,68.02,71,99,2.66,PE,2021-09-27 12:30:35
109,Bethel,41.3712,-73.414,62.82,83,90,1.01,US,2021-09-27 12:23:26
110,Nurota,40.5614,65.6886,69.89,36,0,9.35,UZ,2021-09-27 12:30:37
111,Katav-Ivanovsk,54.7531,58.1956,35.28,81,100,13.67,RU,2021-09-27 12:30:38
112,Moron,-34.6534,-58.6198,60.49,94,90,8.01,AR,2021-09-27 12:29:12
113,Cherdyn,60.403,56.4787,41.85,62,17,8.19,RU,2021-09-27 12:30:39
114,Erenhot,43.6475,111.9767,68.16,34,0,17.74,CN,2021-09-27 12:30:41
115,Sinnamary,5.3833,-52.95,82.26,74,29,9.35,GF,2021-09-27 12:23:10
116,Aklavik,68.2191,-135.0107,27.32,89,32,5.93,CA,2021-09-27 12:23:43
117,Shingu,33.7333,135.9833,70.7,83,61,10.02,JP,2021-09-27 12:27:08
118,Dalbandin,28.8947,64.4101,96.71,8,0,3.74,PK,2021-09-27 12:30:41
119,Bilma,18.6853,12.9164,100.15,11,2,4.41,NE,2021-09-27 12:30:43
120,Ribeira Grande,38.5167,-28.7,70.2,78,75,14.97,PT,2021-09-27 12:22:50
121,Saint Anthony,45.0205,-93.218,59.25,91,1,1.99,US,2021-09-27 12:30:44
122,Dunedin,-45.8742,170.5036,42.8,73,6,5.39,NZ,2021-09-27 12:22:46
123,Labuhan,-6.8844,112.2051,81.18,73,22,5.82,ID,2021-09-27 12:30:46
124,Georgetown,5.4112,100.3354,84.88,78,20,1.01,MY,2021-09-27 12:18:29
125,Pevek,69.7008,170.3133,27.43,65,100,13.56,RU,2021-09-27 12:23:38
126,Zhezkazgan,47.8043,67.7144,64.45,35,78,22.15,KZ,2021-09-27 12:30:47
127,Kashary,49.04,41.0056,58.33,58,76,11.54,RU,2021-09-27 12:30:47
128,Cherskiy,68.75,161.3,18.73,92,99,6.49,RU,2021-09-27 12:22:15
129,Konakovo,56.7,36.7667,50.31,84,100,8.88,RU,2021-09-27 12:30:49
130,Tomatlan,19.9333,-105.25,74.07,92,99,2.95,MX,2021-09-27 12:30:51
131,Hithadhoo,-0.6,73.0833,83.14,74,100,17.36,MV,2021-09-27 12:21:36
132,Sambava,-14.2667,50.1667,77.14,69,0,17.2,MG,2021-09-27 12:30:52
133,Tazovskiy,67.4667,78.7,35.67,76,21,6.04,RU,2021-09-27 12:30:53
134,Guozhen,34.3659,107.359,64.18,98,100,1.95,CN,2021-09-27 12:30:55
135,Maroantsetra,-15.4333,49.7333,73.99,82,22,12.88,MG,2021-09-27 12:30:55
136,Maloy,61.9353,5.1136,71.44,67,59,12.17,NO,2021-09-27 12:30:57
137,Kousseri,12.0769,15.0306,96.76,44,75,10.36,CM,2021-09-27 12:30:59
138,Komsomolskiy,40.4272,71.7189,76.42,27,0,9.22,UZ,2021-09-27 12:22:41
139,Alta Floresta,-9.8756,-56.0861,84.97,58,13,3.02,BR,2021-09-27 12:31:00
140,Kudahuvadhoo,2.6708,72.8944,82.47,79,100,18.86,MV,2021-09-27 12:31:02
141,Pedernales,18.0384,-71.744,83.62,68,57,0.36,DO,2021-09-27 12:31:02
142,Kieta,-6.2167,155.6333,79.2,81,100,1.01,PG,2021-09-27 12:31:03
143,Kuryk,43.2,51.65,69.12,57,7,13.53,KZ,2021-09-27 12:31:05
144,Mount Isa,-20.7333,139.5,80.37,12,8,6.91,AU,2021-09-27 12:28:31
145,Severo-Yeniseyskiy,60.3725,93.0408,32.31,69,99,6.76,RU,2021-09-27 12:31:06
146,Flin Flon,54.7682,-101.865,53.44,87,75,6.91,CA,2021-09-27 12:31:08
147,Cassilandia,-19.1133,-51.7342,88.27,36,95,5.99,BR,2021-09-27 12:31:08
148,Sobolevo,54.4299,31.8996,55.45,63,42,10.6,RU,2021-09-27 12:31:10
149,Ponta Do Sol,32.6667,-17.1,79.72,64,10,4.29,PT,2021-09-27 12:24:20
150,Kaliganj,23.4095,89.1402,80.06,88,100,8.88,BD,2021-09-27 12:31:11
151,Villa Guerrero,18.8667,-99.65,58.5,91,98,2.77,MX,2021-09-27 12:31:12
152,Hyeres,43.1167,6.1167,81.25,47,0,19.57,FR,2021-09-27 12:31:13
153,Fortuna,40.5982,-124.1573,62.37,65,90,4.0,US,2021-09-27 12:23:55
154,Thompson,55.7435,-97.8558,37.56,93,75,0.0,CA,2021-09-27 12:22:42
155,Namibe,-15.1961,12.1522,74.03,68,40,8.05,AO,2021-09-27 12:31:15
156,Deputatskiy,69.3,139.9,21.09,85,99,6.15,RU,2021-09-27 12:31:16
157,Bereznik,62.8551,42.7072,49.75,77,100,4.18,RU,2021-09-27 12:31:18
158,Xiongyue,40.1774,122.1228,66.33,86,100,3.18,CN,2021-09-27 12:31:19
159,Hobyo,5.3505,48.5268,81.39,72,100,29.46,SO,2021-09-27 12:31:19
160,Gat,31.61,34.7642,83.79,20,6,15.55,IL,2021-09-27 12:29:43
161,Puerto Del Rosario,28.5004,-13.8627,78.55,73,40,14.97,ES,2021-09-27 12:31:21
162,Kruisfontein,-34.0033,24.7314,61.79,78,93,26.35,ZA,2021-09-27 12:23:01
163,Dovolnoye,54.4958,79.6671,40.96,69,100,11.27,RU,2021-09-27 12:31:23
164,Pasighat,28.0667,95.3333,82.04,77,10,2.77,IN,2021-09-27 12:21:29
165,Hermanus,-34.4187,19.2345,61.9,75,96,10.42,ZA,2021-09-27 12:21:40
166,Timberlake,37.3207,-79.2575,58.68,87,1,0.0,US,2021-09-27 12:31:24
167,Oranjemund,-28.55,16.4333,59.54,77,100,17.9,NA,2021-09-27 12:31:25
168,Barranca,-10.75,-77.7667,62.1,82,95,3.85,PE,2021-09-27 12:31:27
169,Salalah,17.0151,54.0924,89.69,70,0,11.5,OM,2021-09-27 12:31:29
170,Barrow,71.2906,-156.7887,28.42,86,90,11.5,US,2021-09-27 12:31:30
171,Dudinka,69.4058,86.1778,32.02,68,15,7.61,RU,2021-09-27 12:31:32
172,Nikki,9.9401,3.2108,88.52,56,99,2.66,BJ,2021-09-27 12:31:33
173,Marystown,47.1666,-55.1483,61.86,100,100,5.01,CA,2021-09-27 12:31:35
174,Xingyi,24.1877,102.817,60.24,89,0,2.39,CN,2021-09-27 12:31:36
175,Mana,5.6592,-53.7767,84.79,68,14,7.63,GF,2021-09-27 12:31:36
176,Chifeng,42.2683,118.9636,61.0,49,17,5.59,CN,2021-09-27 12:31:37
177,Esperance,-33.8667,121.9,57.04,81,97,21.16,AU,2021-09-27 12:21:53
178,Xichang,27.8964,102.2634,66.16,83,21,4.56,CN,2021-09-27 12:31:38
179,Mujiayingzi,42.1167,118.7833,59.54,51,22,6.89,CN,2021-09-27 12:31:38
180,Vestmannaeyjar,63.4427,-20.2734,41.99,60,0,24.16,IS,2021-09-27 12:31:38
181,Maarianhamina,60.0973,19.9348,57.06,72,0,11.5,AX,2021-09-27 12:31:40
182,Luderitz,-26.6481,15.1594,65.21,69,1,28.59,NA,2021-09-27 12:31:41
183,Yurimaguas,-5.9,-76.0833,80.19,69,54,0.29,PE,2021-09-27 12:31:44
184,Mataura,-46.1927,168.8643,38.48,91,16,2.86,NZ,2021-09-27 12:31:45
185,Raychikhinsk,49.7838,129.4121,51.33,77,0,7.72,RU,2021-09-27 12:29:50
186,Longonjo,-12.9067,15.2533,89.8,17,100,5.46,AO,2021-09-27 12:31:46
187,Vila Velha,-20.3297,-40.2925,79.97,63,40,11.5,BR,2021-09-27 12:31:48
188,Byron Bay,-28.65,153.6167,64.35,61,66,5.41,AU,2021-09-27 12:31:49
189,Pangnirtung,66.1451,-65.7125,28.4,80,75,2.3,CA,2021-09-27 12:31:50
190,Surskoye,54.4821,46.7214,43.05,92,100,11.88,RU,2021-09-27 12:31:52
191,Adrar,20.5022,-10.0711,103.98,6,0,16.73,MR,2021-09-27 12:31:53
192,Conceicao Do Araguaia,-8.2578,-49.2647,94.21,34,76,6.04,BR,2021-09-27 12:31:54
193,Hay River,60.8156,-115.7999,44.58,76,75,10.36,CA,2021-09-27 12:31:56
194,Boyolangu,-8.1181,111.8935,74.89,83,68,7.78,ID,2021-09-27 12:31:57
195,Yishui,35.7847,118.6281,66.07,96,26,4.88,CN,2021-09-27 12:31:57
196,Isangel,-19.55,169.2667,71.71,73,79,8.05,VU,2021-09-27 12:31:58
197,Sao Filipe,14.8961,-24.4956,81.16,76,40,7.56,CV,2021-09-27 12:31:59
198,Faanui,-16.4833,-151.75,78.98,75,15,18.95,PF,2021-09-27 12:32:00
199,Boundiali,9.5217,-6.4869,86.92,52,99,4.38,CI,2021-09-27 12:32:02
200,Youkounkoun,12.5333,-13.1333,91.47,56,31,4.65,GN,2021-09-27 12:32:03
201,Severnoye,56.3491,78.3619,39.2,82,100,6.38,RU,2021-09-27 12:32:05
202,Bredasdorp,-34.5322,20.0403,57.27,88,100,11.5,ZA,2021-09-27 12:32:06
203,Airai,-8.9266,125.4092,60.06,91,61,2.33,TL,2021-09-27 12:32:08
204,Cieza,38.24,-1.4199,87.84,32,100,2.66,ES,2021-09-27 12:27:53
205,Tura,25.5198,90.2201,79.09,83,43,3.22,IN,2021-09-27 12:23:40
206,Kosh-Agach,50.0,88.6667,27.79,35,94,5.57,RU,2021-09-27 12:32:08
207,Fairbanks,64.8378,-147.7164,33.76,75,90,2.3,US,2021-09-27 12:24:45
208,Kodiak,57.79,-152.4072,39.88,52,0,6.02,US,2021-09-27 12:23:14
209,Edea,3.8,10.1333,87.58,76,100,2.55,CM,2021-09-27 12:32:09
210,Tigre,-34.426,-58.5796,60.75,89,90,10.36,AR,2021-09-27 12:32:11
211,Muros,42.7762,-9.0603,71.83,53,100,10.42,ES,2021-09-27 12:32:12
212,Mikhaylovsk,45.1283,42.0256,60.69,58,0,11.18,RU,2021-09-27 12:32:13
213,Zhigansk,66.7697,123.3711,35.24,82,10,26.28,RU,2021-09-27 12:32:15
214,Amherst,41.3978,-82.2224,66.47,63,40,3.0,US,2021-09-27 12:32:16
215,Rio Pomba,-21.2747,-43.1792,81.73,56,20,4.18,BR,2021-09-27 12:32:17
216,Sola,-13.8833,167.55,75.87,94,90,0.0,VU,2021-09-27 12:32:19
217,Cap Malheureux,-19.9842,57.6142,77.49,68,0,14.0,MU,2021-09-27 12:32:19
218,Kapaa,22.0752,-159.319,75.52,84,75,1.01,US,2021-09-27 12:32:21
219,Sisimiut,66.9395,-53.6735,28.99,44,0,8.01,GL,2021-09-27 12:32:22
220,Broome,42.2506,-75.833,58.19,78,90,1.01,US,2021-09-27 12:23:52
221,Talnakh,69.4865,88.3972,32.74,60,8,6.82,RU,2021-09-27 12:32:24
222,Kavaratti,10.5669,72.642,81.97,78,100,19.55,IN,2021-09-27 12:32:26
223,Biggar,55.6167,-3.5167,56.08,81,78,14.97,GB,2021-09-27 12:32:26
224,Shanghai,31.2222,121.4581,80.46,79,0,8.95,CN,2021-09-27 12:28:27
225,Rorvik,64.8621,11.2373,64.51,45,0,14.97,NO,2021-09-27 12:32:27
226,Pingliang,35.5392,106.6861,58.3,95,100,0.76,CN,2021-09-27 12:32:29
227,Sitka,57.0531,-135.33,49.89,81,90,0.0,US,2021-09-27 12:32:29
228,La Ronge,55.1001,-105.2842,52.05,87,20,4.61,CA,2021-09-27 12:32:31
229,Codrington,-38.2667,141.9667,50.67,78,100,6.64,AU,2021-09-27 12:32:32
230,Toamasina,-18.1667,49.3833,78.8,69,75,11.5,MG,2021-09-27 12:32:32
231,Los Llanos De Aridane,28.6585,-17.9182,74.95,69,20,14.97,ES,2021-09-27 12:23:41
232,Andenes,69.3143,16.1194,62.47,67,0,9.22,NO,2021-09-27 12:32:34
233,Sechura,-5.5569,-80.8222,65.79,77,100,7.02,PE,2021-09-27 12:32:36
234,Kamina,-8.7386,24.9906,89.69,26,100,4.63,CD,2021-09-27 12:32:37
235,Astanajapura,-6.8017,108.6311,79.63,76,91,10.6,ID,2021-09-27 12:32:39
236,Omsukchan,62.5333,155.8,30.24,79,100,2.95,RU,2021-09-27 12:32:39
237,Konevo,62.1215,39.3192,50.74,78,98,5.66,RU,2021-09-27 12:32:41
238,Buala,-8.145,159.5921,78.71,85,100,3.78,SB,2021-09-27 12:32:42
239,Vincennes,48.85,2.4333,62.31,92,90,1.99,FR,2021-09-27 12:32:43
240,Payakumbuh,-0.2202,100.6308,72.77,98,100,0.76,ID,2021-09-27 12:32:45
241,Ixtapa,20.7,-105.2,76.23,94,40,5.75,MX,2021-09-27 12:32:45
242,Najran,17.4924,44.1277,93.85,10,8,11.99,SA,2021-09-27 12:32:46
243,Japura,-0.3167,102.35,76.62,93,94,2.24,ID,2021-09-27 12:24:38
244,Kalabo,-14.97,22.6814,98.6,7,89,4.68,ZM,2021-09-27 12:32:47
245,Kandrian,-6.2167,149.55,77.72,90,99,4.92,PG,2021-09-27 12:32:49
246,Lasa,46.6166,10.7002,72.48,51,77,1.7,IT,2021-09-27 12:32:50
247,Saskylakh,71.9167,114.0833,28.99,92,70,13.27,RU,2021-09-27 12:23:02
248,Lata,40.1629,-8.3327,78.49,51,95,5.79,PT,2021-09-27 12:32:52
249,Paamiut,61.994,-49.6678,32.76,41,0,6.22,GL,2021-09-27 12:32:53
250,Dingle,10.9995,122.6711,76.8,92,99,2.98,PH,2021-09-27 12:32:55
251,Wajima,37.4,136.9,70.81,73,100,6.58,JP,2021-09-27 12:31:21
252,Bombay,19.0144,72.8479,80.58,94,75,6.91,IN,2021-09-27 12:30:21
253,Aksu,41.1231,80.2644,74.53,21,0,1.88,CN,2021-09-27 12:32:56
254,Arraial Do Cabo,-22.9661,-42.0278,76.96,73,75,14.97,BR,2021-09-27 12:23:48
255,Honiara,-9.4333,159.95,78.69,87,100,5.84,SB,2021-09-27 12:28:42
256,Dubbo,-32.25,148.6167,57.33,62,100,13.8,AU,2021-09-27 12:32:57
257,Bubaque,11.2833,-15.8333,83.1,76,100,4.14,GW,2021-09-27 12:32:57
258,Benghazi,32.1167,20.0667,78.55,56,5,11.43,LY,2021-09-27 12:32:59
259,Coahuayana,18.7333,-103.6833,78.28,93,100,3.62,MX,2021-09-27 12:33:00
260,Port Lincoln,-34.7333,135.8667,61.97,63,100,16.2,AU,2021-09-27 12:33:01
261,Clinton,42.587,-82.9199,64.92,73,75,1.01,US,2021-09-27 12:33:02
262,Constitucion,-35.3333,-72.4167,52.48,49,100,7.74,CL,2021-09-27 12:33:03
263,Kamenka,51.3223,42.7678,53.47,74,99,13.6,RU,2021-09-27 12:33:04
264,Axim,4.8699,-2.2405,81.28,77,100,10.11,GH,2021-09-27 12:33:06
265,Rognan,67.0953,15.3878,66.34,61,34,10.78,NO,2021-09-27 12:33:07
266,Kampot,10.6167,104.1833,82.45,84,100,3.38,KH,2021-09-27 12:33:08
267,Sao Joao Da Barra,-21.6403,-41.0511,77.09,73,11,14.88,BR,2021-09-27 12:33:09
268,Ayna,-12.65,-73.9167,68.5,65,71,3.13,PE,2021-09-27 12:33:10
269,Hirara,24.8,125.2833,84.02,73,5,17.56,JP,2021-09-27 12:28:46
270,Mashhad,36.297,59.6062,69.94,60,0,13.8,IR,2021-09-27 12:33:12
271,Naze,28.3667,129.4833,77.58,77,41,13.04,JP,2021-09-27 12:30:33
272,Victoria,22.2855,114.1577,86.22,83,0,1.99,HK,2021-09-27 12:32:51
273,Saldanha,-33.0117,17.9442,60.85,66,98,17.11,ZA,2021-09-27 12:33:14
274,Brae,60.3964,-1.353,57.11,96,100,28.39,GB,2021-09-27 12:33:15
275,Akyab,20.15,92.9,78.62,89,100,19.42,MM,2021-09-27 12:33:16
276,Korla,41.7597,86.1469,73.27,20,0,3.62,CN,2021-09-27 12:33:17
277,Huarmey,-10.0681,-78.1522,63.52,84,75,4.63,PE,2021-09-27 12:33:17
278,Westport,41.1415,-73.3579,66.74,74,75,5.99,US,2021-09-27 12:33:19
279,Unai,-16.3575,-46.9061,88.36,25,1,6.33,BR,2021-09-27 12:33:20
280,Merrill,45.1805,-89.6835,53.37,100,75,0.0,US,2021-09-27 12:33:22
281,Pangody,65.85,74.4859,34.59,71,13,4.54,RU,2021-09-27 12:33:23
282,Petropavlovsk-Kamchatskiy,53.0452,158.6483,39.79,93,0,4.47,RU,2021-09-27 12:33:25
283,Yerbogachen,61.2767,108.0108,35.67,85,100,13.44,RU,2021-09-27 12:33:26
284,Pisco,-13.7,-76.2167,60.85,82,90,9.22,PE,2021-09-27 12:33:28
285,Portland,45.5234,-122.6762,59.97,93,100,3.0,US,2021-09-27 12:33:29
286,Waw,7.7029,27.9953,90.82,45,61,1.92,SS,2021-09-27 12:33:30
287,Halifax,44.6453,-63.5724,61.09,81,1,1.01,CA,2021-09-27 12:33:32
288,Chuy,-33.6971,-53.4616,64.45,72,6,5.66,UY,2021-09-27 12:33:33
289,Nemuro,43.3236,145.575,56.8,82,0,11.45,JP,2021-09-27 12:33:34
290,Athabasca,54.7169,-113.2854,51.62,94,57,6.22,CA,2021-09-27 12:33:35
291,Ambilobe,-13.2,49.05,85.62,47,94,4.9,MG,2021-09-27 12:33:36
292,Jackson,42.4165,-122.8345,63.55,63,90,0.0,US,2021-09-27 12:33:37
293,Bandarbeyla,9.4942,50.8122,83.79,63,31,25.12,SO,2021-09-27 12:33:38
294,Tadine,-21.55,167.8833,66.83,72,0,7.87,NC,2021-09-27 12:33:40
295,Pundaguitan,6.3711,126.1689,84.47,74,15,13.6,PH,2021-09-27 12:33:40
296,Klaksvik,62.2266,-6.589,50.92,89,100,11.01,FO,2021-09-27 12:33:41
297,Kavieng,-2.5744,150.7967,82.62,74,42,8.01,PG,2021-09-27 12:33:42
298,Ballina,-28.8667,153.5667,62.56,59,90,8.05,AU,2021-09-27 12:33:43
299,Souillac,-20.5167,57.5167,77.38,65,75,12.66,MU,2021-09-27 12:33:44
300,Nome,64.5011,-165.4064,30.27,86,90,5.75,US,2021-09-27 12:33:45
301,Shimanovsk,52.0,127.7,49.39,63,16,8.5,RU,2021-09-27 12:33:47
302,Havre-Saint-Pierre,50.2334,-63.5986,52.16,100,90,13.8,CA,2021-09-27 12:33:49
303,Businga,3.3333,20.8833,81.73,72,79,1.54,CD,2021-09-27 12:33:50
304,Ahipara,-35.1667,173.1667,49.89,73,28,7.18,NZ,2021-09-27 12:33:51
305,Sioux Lookout,50.1001,-91.917,41.38,100,40,2.3,CA,2021-09-27 12:33:52
306,Banon,40.8382,-1.1909,76.26,47,93,2.3,ES,2021-09-27 12:33:53
307,Valdivia,-39.8142,-73.2459,35.69,84,4,2.24,CL,2021-09-27 12:28:57
308,Ciudad Bolivar,8.1222,-63.5497,83.8,69,12,6.38,VE,2021-09-27 12:33:54
309,Grindavik,63.8424,-22.4338,39.15,70,75,36.82,IS,2021-09-27 12:33:55
310,Alcaudete,37.5909,-4.0824,83.71,23,100,5.21,ES,2021-09-27 12:33:56
311,Goure,13.9835,10.2704,101.01,12,0,6.98,NE,2021-09-27 12:33:58
312,Altagracia De Orituco,9.8601,-66.3814,84.36,58,7,3.13,VE,2021-09-27 12:31:58
313,Vilhena,-12.7406,-60.1458,86.16,46,18,4.41,BR,2021-09-27 12:33:59
314,De Aar,-30.6497,24.0123,91.42,9,99,29.59,ZA,2021-09-27 12:34:01
315,Shenjiamen,29.9576,122.298,76.15,83,0,7.83,CN,2021-09-27 12:34:02
316,Sakaiminato,35.55,133.2333,73.38,83,75,9.22,JP,2021-09-27 12:34:02
317,Dabat,12.9842,37.765,62.35,63,97,4.03,ET,2021-09-27 12:34:03
318,Eydhafushi,5.1033,73.0708,80.91,81,100,20.51,MV,2021-09-27 12:34:05
319,Catamarca,-28.4696,-65.7852,73.04,42,0,1.99,AR,2021-09-27 12:30:02
320,High Level,58.5169,-117.136,46.51,93,90,6.91,CA,2021-09-27 12:34:05
321,Big Spring,32.2504,-101.4787,71.08,59,1,4.0,US,2021-09-27 12:34:06
322,Kushima,31.4583,131.2333,76.51,91,94,11.59,JP,2021-09-27 12:34:07
323,Misratah,32.3754,15.0925,81.68,51,6,9.64,LY,2021-09-27 12:34:08
324,Oromocto,45.8351,-66.4792,56.95,90,20,8.05,CA,2021-09-27 12:34:09
325,Dori,14.0354,-0.0345,100.36,20,4,3.42,BF,2021-09-27 12:34:10
326,Lorengau,-2.0226,147.2712,81.88,78,13,7.31,PG,2021-09-27 12:34:11
327,Burnie,-41.0667,145.9167,44.89,87,16,4.85,AU,2021-09-27 12:34:12
328,Kolosovka,56.4678,73.611,40.12,72,95,10.0,RU,2021-09-27 12:34:12
329,Eyl,7.9803,49.8164,88.77,53,97,24.43,SO,2021-09-27 12:34:14
330,Beringovskiy,63.05,179.3167,35.35,77,86,2.06,RU,2021-09-27 12:34:15
331,Luoyang,34.6836,112.4536,67.24,91,100,3.91,CN,2021-09-27 12:30:08
332,Itacoatiara,-3.1431,-58.4442,78.03,85,89,3.15,BR,2021-09-27 12:34:17
333,Saint-Leu,-21.15,55.2833,77.86,76,62,2.64,RE,2021-09-27 12:34:19
334,Port Hedland,-20.3167,118.5667,73.45,64,97,13.8,AU,2021-09-27 12:31:28
335,Murovane,49.5214,22.9367,67.71,62,39,11.25,UA,2021-09-27 12:34:20
336,Umm Kaddadah,13.6017,26.6876,95.05,26,50,11.74,SD,2021-09-27 12:34:21
337,Baft,29.234,56.6057,79.59,5,0,9.78,IR,2021-09-27 12:34:23
338,Berbera,10.4396,45.0143,93.78,49,96,7.9,SO,2021-09-27 12:34:24
339,Palmer,42.1584,-72.3287,59.47,87,75,0.0,US,2021-09-27 12:34:26
340,Alma,48.5501,-71.6491,54.45,83,48,8.34,CA,2021-09-27 12:34:26
341,Amalapuram,16.5833,82.0167,82.78,92,100,1.74,IN,2021-09-27 12:30:02
342,Naron,43.5167,-8.1528,70.68,60,100,6.29,ES,2021-09-27 12:34:28
343,Ilulissat,69.2167,-51.1,21.22,42,1,19.57,GL,2021-09-27 12:34:29
344,Lusambo,-4.9667,23.45,88.63,45,99,2.48,CD,2021-09-27 12:34:30
345,Shimoda,34.6667,138.95,67.1,77,25,17.49,JP,2021-09-27 12:31:08
346,Staraya Toropa,56.2801,31.6702,52.0,69,42,9.73,RU,2021-09-27 12:34:32
347,Chimbote,-9.0853,-78.5783,63.21,83,92,5.01,PE,2021-09-27 12:32:48
348,Mar Del Plata,-38.0023,-57.5575,52.09,72,90,3.0,AR,2021-09-27 12:29:44
349,Kaeo,-35.1,173.7833,47.32,87,52,4.41,NZ,2021-09-27 12:34:34
350,Camopi,3.1655,-52.3158,87.22,49,50,4.85,GF,2021-09-27 12:34:34
351,Chokurdakh,70.6333,147.9167,25.79,91,100,18.9,RU,2021-09-27 12:34:36
352,Netanya,32.3329,34.8599,83.84,57,0,14.25,IL,2021-09-27 12:34:37
353,Marienburg,54.0359,19.0266,66.85,37,16,12.68,PL,2021-09-27 12:34:39
354,Arica,-18.475,-70.3042,59.23,77,90,5.75,CL,2021-09-27 12:32:17
355,Juchitlan,20.0833,-104.1167,65.44,85,92,1.25,MX,2021-09-27 12:34:40
356,Keti Bandar,24.1447,67.4497,85.89,72,100,14.23,PK,2021-09-27 12:34:41
357,Marquette,46.5333,-87.6335,53.33,93,100,6.4,US,2021-09-27 12:31:39
358,Hofn,64.2539,-15.2082,46.42,66,75,8.05,IS,2021-09-27 12:34:41
359,Lompoc,34.6391,-120.4579,60.57,85,90,3.44,US,2021-09-27 12:34:43
360,Yulara,-25.2406,130.9889,80.44,13,82,6.91,AU,2021-09-27 12:34:43
361,Mount Darwin,-16.7725,31.5838,83.98,25,100,6.93,ZW,2021-09-27 12:34:44
362,Carnarvon,-24.8667,113.6333,66.27,59,0,16.11,AU,2021-09-27 12:31:55
363,Belaya Gora,68.5333,146.4167,24.73,89,58,12.88,RU,2021-09-27 12:34:47
364,Norman Wells,65.282,-126.8329,30.24,80,75,4.61,CA,2021-09-27 12:34:48
365,Qinhuangdao,39.9317,119.5883,65.77,91,79,3.91,CN,2021-09-27 12:34:50
366,Mezen,65.8522,44.24,51.94,79,81,4.12,RU,2021-09-27 12:34:50
367,Sangar,63.9242,127.4739,37.24,83,9,2.46,RU,2021-09-27 12:34:51
368,Vila Franca Do Campo,37.7167,-25.4333,73.2,87,90,14.25,PT,2021-09-27 12:34:53
369,Paris,48.8534,2.3488,62.55,93,75,1.99,FR,2021-09-27 12:33:08
370,Buchanan,5.8808,-10.0467,80.56,91,100,9.64,LR,2021-09-27 12:34:54
371,Savalou,7.9281,1.9756,87.62,63,88,2.66,BJ,2021-09-27 12:34:56
372,Salinas,36.6777,-121.6555,59.7,84,90,0.0,US,2021-09-27 12:34:57
373,Cayenne,4.9333,-52.3333,87.1,76,32,3.44,GF,2021-09-27 12:34:58
374,Mascote,-15.5631,-39.3025,77.29,81,52,5.12,BR,2021-09-27 12:35:00
375,Olinda,-8.0089,-34.8553,80.33,69,40,19.57,BR,2021-09-27 12:35:01
376,Derzhavinsk,51.1,66.3167,54.39,36,68,11.07,KZ,2021-09-27 12:35:03
377,Suda,59.1525,37.5582,48.31,84,99,9.57,RU,2021-09-27 12:35:03
378,Yaan,7.3833,8.5667,85.66,61,90,6.04,NG,2021-09-27 12:35:04
379,Castro,-24.7911,-50.0119,77.38,52,0,1.25,BR,2021-09-27 12:35:06
380,Thunder Bay,48.4001,-89.3168,45.55,96,40,3.44,CA,2021-09-27 12:35:07
381,Le Port,-20.9373,55.2919,78.8,76,41,7.87,RE,2021-09-27 12:35:08
382,Ducheng,23.2373,111.5317,86.07,65,100,1.57,CN,2021-09-27 12:35:11
383,Vestmanna,62.1564,-7.1664,49.12,100,75,10.36,FO,2021-09-27 12:35:11
384,Ostrovnoy,68.0531,39.5131,51.24,78,100,13.31,RU,2021-09-27 12:35:12
385,Luanda,-8.8368,13.2343,82.4,57,20,9.22,AO,2021-09-27 12:35:13
386,Belmonte,-15.8631,-38.8828,79.3,81,41,8.97,BR,2021-09-27 12:35:15
387,Barra Patuca,15.8,-84.2833,81.82,81,28,6.78,HN,2021-09-27 12:35:16
388,Guarapari,-20.6667,-40.4975,79.92,62,6,14.14,BR,2021-09-27 12:35:17
389,Rocha,-34.4833,-54.3333,65.26,73,0,5.91,UY,2021-09-27 12:35:20
390,Mumford,5.2618,-0.759,80.31,80,57,9.91,GH,2021-09-27 12:35:21
391,Robore,-18.3333,-59.75,82.49,61,0,11.5,BO,2021-09-27 12:35:23
392,Nijar,36.9665,-2.206,73.65,73,0,6.91,ES,2021-09-27 12:35:24
393,Acapulco,16.8634,-99.8901,78.62,78,20,3.44,MX,2021-09-27 12:35:26
394,Zheleznodorozhnyy,55.7503,38.0042,52.02,81,98,11.07,RU,2021-09-27 12:35:27
395,Maceio,-9.6658,-35.7353,85.44,65,75,16.11,BR,2021-09-27 12:35:28
396,Hauterive,46.0901,3.4459,75.02,52,100,11.45,FR,2021-09-27 12:35:29
397,Pimentel,-6.8367,-79.9342,59.29,88,90,10.36,PE,2021-09-27 12:35:31
398,Xuddur,4.1213,43.8894,91.8,30,100,16.73,SO,2021-09-27 12:35:32
399,Kirakira,-10.4544,161.9205,79.32,86,100,9.26,SB,2021-09-27 12:35:34
400,Ketchikan,55.3422,-131.6461,53.58,95,100,3.96,US,2021-09-27 12:35:34
401,Okhotsk,59.3833,143.3,45.66,81,100,4.97,RU,2021-09-27 12:35:36
402,Pacific Grove,36.6177,-121.9166,59.29,90,90,3.0,US,2021-09-27 12:35:37
403,Yichang,30.7144,111.2847,77.92,72,95,2.42,CN,2021-09-27 12:34:52
404,Puri,19.8,85.85,82.38,81,100,9.46,IN,2021-09-27 12:35:38
405,Nanortalik,60.1432,-45.2371,36.52,56,0,7.52,GL,2021-09-27 12:35:39
406,Iquitos,-3.7481,-73.2472,73.44,100,75,0.0,PE,2021-09-27 12:35:40
407,Okha,53.5739,142.9478,50.86,73,100,15.21,RU,2021-09-27 12:35:42
408,Xudat,41.631,48.681,69.3,51,1,8.72,AZ,2021-09-27 12:35:43
409,Nakhon Thai,17.1006,100.8374,75.11,96,100,1.68,TH,2021-09-27 12:31:03
410,Nisia Floresta,-6.0911,-35.2086,77.81,70,97,16.91,BR,2021-09-27 12:35:45
411,Valparaiso,-33.0393,-71.6273,55.63,81,0,6.91,CL,2021-09-27 12:32:46
412,Kirkuk,35.4681,44.3922,93.88,9,0,10.51,IQ,2021-09-27 12:35:47
413,Irbeyskoye,55.6428,95.4522,37.22,92,99,7.34,RU,2021-09-27 12:35:48
414,Asfi,32.2994,-9.2372,75.78,63,9,18.48,MA,2021-09-27 12:35:50
415,Taraz,42.9,71.3667,68.41,37,75,8.95,KZ,2021-09-27 12:32:46
416,Mayo,38.8876,-76.5119,66.97,79,1,0.0,US,2021-09-27 12:35:51
417,Caravelas,-17.7125,-39.2481,80.71,62,92,8.3,BR,2021-09-27 12:35:52
418,Manokwari,-0.8667,134.0833,80.38,80,100,4.16,ID,2021-09-27 12:35:54
419,Ajdabiya,30.7554,20.2263,81.59,40,0,12.77,LY,2021-09-27 12:35:54
420,Haimen,23.1935,116.6142,82.29,80,0,5.06,CN,2021-09-27 12:35:55
421,Lakes Entrance,-37.8811,147.981,44.17,74,2,5.21,AU,2021-09-27 12:35:56
422,Road Town,18.4167,-64.6167,86.04,79,40,5.75,VG,2021-09-27 12:35:11
423,Khatanga,71.9667,102.5,28.8,81,15,8.9,RU,2021-09-27 12:35:56
424,Saint-Georges,12.0564,-61.7485,83.88,79,40,11.5,GD,2021-09-27 12:35:58
425,Bhuban,20.8833,85.8333,81.9,88,100,4.85,IN,2021-09-27 12:34:18
426,Sayyan,15.1718,44.3244,74.48,10,7,9.37,YE,2021-09-27 12:35:59
427,Verkhoyansk,67.5447,133.385,30.34,83,50,2.98,RU,2021-09-27 12:36:00
428,Tilichiki,60.4667,166.1,34.99,88,77,5.35,RU,2021-09-27 12:36:02
429,Alto Parana,-23.1289,-52.3189,77.36,43,0,7.34,BR,2021-09-27 12:36:03
430,Khor,47.8861,134.9464,59.36,91,100,5.97,RU,2021-09-27 12:36:05
431,Ulaanbaatar,47.9077,106.8832,44.73,33,40,6.71,MN,2021-09-27 12:35:02
432,Odweyne,9.4092,45.064,88.45,25,100,2.13,SO,2021-09-27 12:36:05
433,Leh,34.1667,77.5833,64.4,18,0,4.29,IN,2021-09-27 12:36:07
434,Morgan City,29.6994,-91.2068,71.01,100,75,6.91,US,2021-09-27 12:36:07
435,Cockburn Town,21.4612,-71.1419,82.71,71,2,4.79,TC,2021-09-27 12:36:08
436,Sosua,19.7667,-70.5167,84.24,94,20,0.0,DO,2021-09-27 12:36:09
437,Peniche,39.3558,-9.3811,77.76,81,85,7.65,PT,2021-09-27 12:36:10
438,Berlevag,70.8578,29.0864,57.2,93,75,9.22,NO,2021-09-27 12:36:11
439,Kaseda,31.4167,130.3167,76.23,85,46,8.88,JP,2021-09-27 12:34:04
440,Pohrebyshche,49.4864,29.2636,58.03,47,1,9.73,UA,2021-09-27 12:36:13
441,Agdas,40.65,47.4761,78.67,25,0,4.0,AZ,2021-09-27 12:36:14
442,Ocos,14.5094,-92.1933,84.31,81,94,3.4,GT,2021-09-27 12:36:15
443,Laela,-8.5667,32.05,82.04,26,87,3.22,TZ,2021-09-27 12:36:16
444,Chamba,32.5667,76.1333,74.97,91,38,0.72,IN,2021-09-27 12:36:18
445,Baoding,38.8511,115.4903,68.61,75,100,4.16,CN,2021-09-27 12:36:18
446,Labuan,5.2767,115.2417,84.36,88,20,1.99,MY,2021-09-27 12:36:18
447,Laguna,38.421,-121.4238,60.91,90,75,1.99,US,2021-09-27 12:36:18
448,Pangai,-19.8,-174.35,73.51,64,40,5.75,TO,2021-09-27 12:36:19
449,Kenai,60.5544,-151.2583,34.14,93,1,3.44,US,2021-09-27 12:36:21
450,Saint Andrews,34.0454,-81.1293,63.63,88,1,0.0,US,2021-09-27 12:36:22
451,Nizhniy Tsasuchey,50.5167,115.1333,46.09,45,100,3.42,RU,2021-09-27 12:36:23
452,Dourbali,11.8091,15.8632,94.55,37,59,6.49,TD,2021-09-27 12:36:24
453,Ardakan,32.31,54.0175,93.58,17,0,8.43,IR,2021-09-27 12:36:25
454,Nalut,30.3333,10.85,92.34,15,0,5.35,LY,2021-09-27 12:36:26
455,Nefteyugansk,61.0998,72.6035,46.65,78,9,8.99,RU,2021-09-27 12:36:28
456,Vostok,46.4856,135.8833,54.36,84,100,4.68,RU,2021-09-27 12:36:29
457,Mount Vernon,40.9126,-73.8371,65.95,63,75,8.99,US,2021-09-27 12:36:29
458,Daru,-9.0763,143.2092,77.81,87,100,13.82,PG,2021-09-27 12:36:30
459,Bara,10.3744,10.7288,90.99,45,0,3.38,NG,2021-09-27 12:36:30
460,Takanabe,32.1333,131.5,75.09,91,100,12.03,JP,2021-09-27 12:36:32
461,Wajir,1.7471,40.0573,95.32,25,97,16.91,KE,2021-09-27 12:36:32
462,Sao Bento Do Sul,-26.2503,-49.3786,69.24,76,11,1.32,BR,2021-09-27 12:32:15
463,Hattiesburg,31.3271,-89.2903,64.65,95,1,0.0,US,2021-09-27 12:36:34
464,Padang,-0.9492,100.3543,82.45,88,100,4.54,ID,2021-09-27 12:36:35
465,Koungheul,13.9833,-14.8,90.36,58,83,4.12,SN,2021-09-27 12:36:35
466,Emerald,-23.5333,148.1667,71.74,52,100,12.66,AU,2021-09-27 12:36:37
467,Beatrice,40.2681,-96.747,66.18,59,1,0.0,US,2021-09-27 12:36:37
468,Djibo,14.1022,-1.6306,98.87,23,0,7.05,BF,2021-09-27 12:36:38
469,Inverness,57.4791,-4.224,50.79,94,75,1.01,GB,2021-09-27 12:36:40
470,Pahrump,36.2083,-115.9839,70.11,43,0,6.31,US,2021-09-27 12:36:41
471,Ganganagar,29.9167,73.8833,93.54,39,51,6.93,IN,2021-09-27 12:33:24
472,Kibaya,-5.3,36.5667,82.24,22,91,6.91,TZ,2021-09-27 12:36:42
473,Leningradskiy,69.3833,178.4167,26.56,85,100,4.79,RU,2021-09-27 12:36:44
474,Dawlatabad,36.4141,64.9053,75.69,36,0,9.26,AF,2021-09-27 12:36:46
475,Biak,-0.9131,122.8766,76.96,83,100,5.48,ID,2021-09-27 12:36:46
476,Luangwa,-15.6167,30.4167,97.56,20,13,9.04,ZM,2021-09-27 12:36:46
477,Krasnyy Luch,48.1395,38.9371,56.71,52,85,13.22,UA,2021-09-27 12:36:48
478,Chilmari,25.5559,89.6715,89.2,63,59,5.88,BD,2021-09-27 12:36:49
479,Abu Dhabi,24.4667,54.3667,95.11,43,0,11.5,AE,2021-09-27 12:36:49
480,Pavlodar,52.3,76.95,46.2,57,40,13.42,KZ,2021-09-27 12:36:50
481,San Carlos,9.6612,-68.5827,82.45,70,18,2.06,VE,2021-09-27 12:36:52
482,Haines Junction,60.7522,-137.5108,33.75,80,100,8.05,CA,2021-09-27 12:36:53
483,Thinadhoo,0.5333,72.9333,83.39,74,99,18.07,MV,2021-09-27 12:36:54
484,Avenal,36.0041,-120.129,62.19,66,0,1.77,US,2021-09-27 12:36:54
485,Polyarnyy,69.1989,33.4478,55.87,75,60,8.63,RU,2021-09-27 12:32:24
486,Uige,-7.6087,15.0613,85.66,42,87,6.51,AO,2021-09-27 12:36:55
487,Yulin,22.6333,110.15,81.54,69,7,1.9,CN,2021-09-27 12:36:32
488,Vanimo,-2.6741,141.3028,78.26,86,100,4.47,PG,2021-09-27 12:36:57
489,Manawar,22.2333,75.0833,78.4,92,100,6.55,IN,2021-09-27 12:36:57
490,Jieshi,22.8134,115.8257,81.41,73,0,7.2,CN,2021-09-27 12:36:58
491,Te Anau,-45.4167,167.7167,34.11,85,14,0.6,NZ,2021-09-27 12:36:58
492,General Roca,-39.0333,-67.5833,48.6,22,1,10.65,AR,2021-09-27 12:36:58
493,Mokhotlong,-29.2894,29.0675,74.75,17,36,13.38,LS,2021-09-27 12:37:00
494,Luau,-10.7073,22.2247,88.39,28,100,5.99,AO,2021-09-27 12:37:01
495,Sur,22.5667,59.5289,87.39,59,20,7.61,OM,2021-09-27 12:36:32
496,Mehamn,71.0357,27.8492,57.15,82,75,6.91,NO,2021-09-27 12:37:03
497,Waipawa,-41.4122,175.5153,47.03,86,100,10.04,NZ,2021-09-27 12:37:04
498,Rio Grande,-32.035,-52.0986,66.94,87,59,5.68,BR,2021-09-27 12:37:05
499,Wanning,18.8003,110.3967,80.6,86,88,5.77,CN,2021-09-27 12:36:01
500,Pemangkat,1.1667,108.9667,78.1,86,100,5.17,ID,2021-09-27 12:37:07
501,Alofi,-19.0595,-169.9187,66.09,94,40,1.14,NU,2021-09-27 12:37:07
502,Shelburne,44.0787,-80.2041,59.56,86,100,16.44,CA,2021-09-27 12:37:09
503,Mackay,-21.15,149.2,71.58,73,75,11.5,AU,2021-09-27 12:37:00
504,Tulun,54.5611,100.5792,31.06,88,33,6.06,RU,2021-09-27 12:37:10
505,Psebay,44.1234,40.8107,54.72,91,100,3.8,RU,2021-09-27 12:37:12
506,Touros,-5.1989,-35.4608,77.9,66,74,20.04,BR,2021-09-27 12:37:13
507,Maues,-3.3836,-57.7186,81.39,71,60,4.65,BR,2021-09-27 12:37:15
508,Diego De Almagro,-26.3667,-70.05,76.06,20,0,3.04,CL,2021-09-27 12:37:16
509,Sao Jose Da Tapera,-9.5583,-37.3811,84.24,48,74,14.23,BR,2021-09-27 12:37:18
510,Ternate,0.8,127.4,81.09,80,72,4.79,ID,2021-09-27 12:34:10
511,Bengkulu,-3.8004,102.2655,78.15,87,100,2.75,ID,2021-09-27 12:37:19
512,Lukow,51.929,22.3796,65.5,48,15,12.53,PL,2021-09-27 12:37:20
513,Anadyr,64.75,177.4833,36.1,80,40,8.01,RU,2021-09-27 12:37:21
514,Kerema,-7.9631,145.7785,78.85,92,100,9.89,PG,2021-09-27 12:37:22
515,Kuytun,54.3419,101.5036,31.91,80,19,6.53,RU,2021-09-27 12:37:23
516,Comodoro Rivadavia,-45.8667,-67.5,49.86,43,0,24.16,AR,2021-09-27 12:37:24
517,Bodden Town,19.2833,-81.25,84.92,83,20,12.59,KY,2021-09-27 12:37:26
518,Puerto Rondon,6.2805,-71.1,79.52,82,85,2.44,CO,2021-09-27 12:37:27
519,Buta,2.7858,24.73,96.53,32,87,1.57,CD,2021-09-27 12:37:28
520,Shankargarh,25.1833,81.6167,86.95,65,95,8.9,IN,2021-09-27 12:37:30
521,Hervey Bay,-25.2986,152.8535,67.03,65,100,15.03,AU,2021-09-27 12:37:30
522,Hami,42.8,93.45,70.5,16,1,6.2,CN,2021-09-27 12:34:49
523,Nevsehir,38.9167,34.6667,72.61,23,0,5.75,TR,2021-09-27 12:37:31
524,Roshchino,60.2519,29.6085,56.23,59,21,3.62,RU,2021-09-27 12:37:33
525,Kawalu,-7.3817,108.2082,71.35,94,51,2.71,ID,2021-09-27 12:37:34
526,Udachnyy,66.4167,112.4,33.1,90,100,18.03,RU,2021-09-27 12:37:34
527,Taber,49.8167,-112.1518,66.07,54,100,8.05,CA,2021-09-27 12:37:36
528,Aswan,24.0934,32.907,99.7,15,0,11.5,EG,2021-09-27 12:35:25
529,Rudkobing,54.9364,10.7102,66.18,99,100,12.37,DK,2021-09-27 12:37:37
530,Moundou,8.5667,16.0833,87.33,60,80,2.66,TD,2021-09-27 12:37:38
531,Mandalgovi,45.7625,106.2708,53.24,26,5,5.7,MN,2021-09-27 12:37:40
532,Iquique,-20.2208,-70.1431,59.04,65,13,1.39,CL,2021-09-27 12:37:40
533,Liepaja,56.5419,21.0367,62.58,55,76,10.36,LV,2021-09-27 12:37:41
534,Krasnoselkup,65.7,82.4667,36.5,85,25,10.27,RU,2021-09-27 12:37:43
535,Saint Stephen,50.3333,-4.9,61.07,63,20,19.57,GB,2021-09-27 12:37:44
536,Mercedes,-34.6515,-59.4307,55.85,78,100,13.67,AR,2021-09-27 12:37:46
537,Saint-Joseph,-21.3667,55.6167,77.38,76,43,13.29,RE,2021-09-27 12:37:47
538,Powell,40.1578,-83.0752,62.31,78,1,4.0,US,2021-09-27 12:37:49
539,Yar-Sale,66.8333,70.8333,36.37,73,0,7.85,RU,2021-09-27 12:37:50
540,Boissevain,49.2306,-100.0559,49.05,55,12,8.81,CA,2021-09-27 12:37:51
541,Maxixe,-23.8597,35.3472,84.02,61,20,11.5,MZ,2021-09-27 12:37:52
542,Port Moresby,-9.4431,147.1797,80.02,83,20,17.27,PG,2021-09-27 12:36:32
543,Viedma,-40.8135,-62.9967,55.09,35,0,14.47,AR,2021-09-27 12:36:32
544,Husavik,66.0449,-17.3389,42.71,82,10,9.6,IS,2021-09-27 12:37:54
545,Pouembout,-21.1333,164.9,68.58,70,94,6.2,NC,2021-09-27 12:37:55
546,Flinders,-34.5833,150.8552,58.37,70,100,8.57,AU,2021-09-27 12:37:05
547,Malanje,-9.5402,16.341,80.98,78,75,2.3,AO,2021-09-27 12:37:56
548,Puerto Escondido,15.85,-97.0667,78.13,77,98,3.96,MX,2021-09-27 12:37:58
549,Bereda,43.2686,-7.5406,67.14,59,100,2.24,ES,2021-09-27 12:37:58
550,Tateyama,34.9833,139.8667,70.11,75,94,15.79,JP,2021-09-27 12:34:26
551,Longyearbyen,78.2186,15.6401,33.64,80,75,5.75,SJ,2021-09-27 12:38:00
552,Boende,-0.2167,20.8667,84.18,63,100,2.46,CD,2021-09-27 12:38:01
553,Casa Nova,-9.4167,-41.1333,80.58,47,1,19.26,BR,2021-09-27 12:38:03
554,Lluta,-16.0147,-72.0142,55.67,9,29,3.58,PE,2021-09-27 12:38:05
555,Bambanglipuro,-7.95,110.2833,76.64,80,13,11.63,ID,2021-09-27 12:38:06
556,Baykit,61.67,96.37,37.8,71,100,9.31,RU,2021-09-27 12:38:06
557,Ust-Maya,60.4167,134.5333,36.64,75,100,5.19,RU,2021-09-27 12:38:08
558,Synya,65.3718,58.0387,40.66,63,100,3.29,RU,2021-09-27 12:38:09
559,Nouadhibou,20.931,-17.0347,94.98,29,4,13.8,MR,2021-09-27 12:38:11
560,Sikar,27.6167,75.15,81.05,71,87,5.59,IN,2021-09-27 12:38:12
561,Coshocton,40.272,-81.8596,61.52,81,89,1.01,US,2021-09-27 12:38:12
562,Osuna,37.2377,-5.1075,86.81,29,100,4.7,ES,2021-09-27 12:38:13
563,Asau,46.4333,26.4,67.28,65,76,5.17,RO,2021-09-27 12:38:14
564,Saint-Augustin,51.226,-58.6502,54.37,98,100,14.63,CA,2021-09-27 12:38:16
565,Mopti,14.6667,-4.0,91.44,58,20,4.61,ML,2021-09-27 12:38:17
566,Williston,48.147,-103.618,61.32,48,0,6.35,US,2021-09-27 12:38:18
567,Zemio,5.0314,25.1361,85.23,60,55,3.51,CF,2021-09-27 12:38:20
568,Port Keats,-14.25,129.55,78.21,85,100,7.31,AU,2021-09-27 12:38:22
569,Ardabil,38.2498,48.2933,63.95,59,0,24.16,IR,2021-09-27 12:38:22
570,Poum,-20.2333,164.0167,71.56,68,97,10.25,NC,2021-09-27 12:38:24
571,Antalaha,-14.9003,50.2788,78.35,64,14,14.0,MG,2021-09-27 12:38:24
572,Ancud,-41.8697,-73.8203,38.73,76,94,4.54,CL,2021-09-27 12:38:26
573,Marsh Harbour,26.5412,-77.0636,80.37,63,0,11.97,BS,2021-09-27 12:38:28
574,Butka,56.7179,63.7866,44.2,51,95,14.61,RU,2021-09-27 12:38:29
575,Ilebo,-4.3167,20.5833,84.02,59,100,3.67,CD,2021-09-27 12:38:30
576,Batagay,67.6333,134.6333,29.07,91,97,3.51,RU,2021-09-27 12:38:32
577,Ust-Uda,54.1742,103.0304,34.23,70,72,4.74,RU,2021-09-27 12:38:33
578,Abu Samrah,35.3029,37.1841,91.02,16,0,19.24,SY,2021-09-27 12:38:35
579,Teya,60.3778,92.6267,36.52,66,100,6.2,RU,2021-09-27 12:38:36
580,Atambua,-9.1061,124.8925,73.9,84,48,2.08,ID,2021-09-27 12:38:38
581,Lufilufi,-13.8745,-171.5986,74.98,70,11,9.1,WS,2021-09-27 12:38:38
582,Lahij,13.1667,44.5833,99.32,22,88,17.25,YE,2021-09-27 12:38:39
583,Sturgeon Falls,46.3646,-79.9326,58.08,85,98,8.37,CA,2021-09-27 12:38:40
584,Aleksandrovskoye,44.7142,43.0008,55.54,60,100,11.83,RU,2021-09-27 12:38:41
585,Barbastro,42.0356,0.1269,86.86,28,70,8.41,ES,2021-09-27 12:38:43
586,Sumeg,46.977,17.2821,67.05,86,98,11.3,HU,2021-09-27 12:38:44
587,Strezhevoy,60.7333,77.5889,46.38,80,16,6.51,RU,2021-09-27 12:38:45
588,Angoche,-16.2325,39.9086,81.52,62,1,12.19,MZ,2021-09-27 12:38:47
589,Pjanici,44.9836,15.8228,76.15,52,61,5.82,BA,2021-09-27 12:38:48
590,Afua,-0.1567,-50.3867,88.18,54,3,7.61,BR,2021-09-27 12:38:50
591,Puerto Penasco,31.3167,-113.5333,81.27,59,6,9.33,MX,2021-09-27 12:38:51
592,Marang,5.2056,103.2059,84.11,83,78,4.25,MY,2021-09-27 12:35:10
593,Verkh-Suetka,53.3,80.05,40.46,66,96,13.06,RU,2021-09-27 12:38:53
594,Sergeyevka,53.88,67.4158,39.56,72,100,22.01,KZ,2021-09-27 12:38:54
595,Samarai,-10.6167,150.6667,79.0,86,100,14.43,PG,2021-09-27 12:38:56
596,Kedrovyy,56.1667,91.8167,39.61,97,88,3.2,RU,2021-09-27 12:38:56
597,Warrington,53.3925,-2.5802,63.27,68,40,8.99,GB,2021-09-27 12:38:58
598,Myanaung,18.2833,95.3167,75.2,96,100,6.58,MM,2021-09-27 12:38:59
599,Raja Sansi,31.7192,74.7978,91.26,70,40,3.44,IN,2021-09-27 12:38:52
600,Mogadishu,2.0371,45.3438,84.07,84,40,21.85,SO,2021-09-27 12:38:59
601,Fort Nelson,58.8053,-122.7002,40.59,93,90,3.44,CA,2021-09-27 12:39:01
602,Vuktyl,63.8567,57.3094,43.38,55,100,5.3,RU,2021-09-27 12:39:02
603,Dali,25.7,100.1833,64.13,78,37,4.74,CN,2021-09-27 12:36:25
604,Bathsheba,13.2167,-59.5167,79.41,89,75,5.75,BB,2021-09-27 12:39:04
605,Hassan,13.0006,76.0994,68.65,91,100,13.33,IN,2021-09-27 12:39:05
606,Yeppoon,-23.1333,150.7333,67.78,81,52,17.58,AU,2021-09-27 12:39:06
607,Shitanjing,39.2342,106.3439,66.36,56,100,10.56,CN,2021-09-27 12:39:06
608,Kichera,55.9375,110.0997,36.25,78,100,1.07,RU,2021-09-27 12:39:06
609,Catuday,16.2923,119.8062,82.29,75,77,3.22,PH,2021-09-27 12:39:08
610,Salamiyah,35.0113,37.0532,89.73,18,0,21.39,SY,2021-09-27 12:39:08
611,Kot Radha Kishan,31.1725,74.0997,91.51,43,10,5.97,PK,2021-09-27 12:39:09
612,Dalian,38.9122,121.6022,67.93,88,75,6.71,CN,2021-09-27 12:36:06
613,Xining,36.6167,101.7667,56.43,62,100,0.29,CN,2021-09-27 12:35:58
614,Jutai,-5.1833,-68.9,80.04,81,81,1.79,BR,2021-09-27 12:39:10
615,Bilibino,68.0546,166.4372,15.75,97,100,3.6,RU,2021-09-27 12:39:11
616,Tevaitoa,-16.7833,-151.5,78.96,73,7,17.63,PF,2021-09-27 12:39:13
617,Urambo,-5.0667,32.05,93.22,19,98,3.76,TZ,2021-09-27 12:39:14
618,Oleksandrivka,48.9634,32.2349,57.25,52,77,11.83,UA,2021-09-27 12:39:16
619,Vizianagaram,18.1167,83.4167,78.31,93,100,2.44,IN,2021-09-27 12:39:17
620,Aasiaat,68.7098,-52.8699,11.75,81,11,9.1,GL,2021-09-27 12:39:17
621,Novikovo,51.1537,37.8879,55.56,63,98,12.15,RU,2021-09-27 12:39:20
622,Victor Harbor,-35.5667,138.6167,68.09,80,91,10.89,AU,2021-09-27 12:39:21
623,Ust-Kuyga,70.0167,135.6,27.0,97,99,2.59,RU,2021-09-27 12:39:21
624,Santa Fe,-31.6333,-60.7,73.02,56,0,3.0,AR,2021-09-27 12:37:09
625,Huicheng,23.0385,116.2899,82.35,81,0,3.38,CN,2021-09-27 12:39:23
626,Kidal,18.4411,1.4078,102.63,10,1,15.28,ML,2021-09-27 12:39:23
627,Harqalah,36.0303,10.509,91.99,62,0,10.36,TN,2021-09-27 12:39:25
628,Mount Gambier,-37.8333,140.7667,49.91,71,100,2.3,AU,2021-09-27 12:39:26
629,Kangaba,11.9333,-8.4167,91.13,48,36,2.15,ML,2021-09-27 12:39:26
630,Mangai,-4.05,19.5333,74.79,90,100,1.03,CD,2021-09-27 12:39:28
631,Galesong,-5.3166,119.3661,80.62,69,98,9.98,ID,2021-09-27 12:39:30
632,Cedar City,37.6775,-113.0619,60.4,49,1,6.91,US,2021-09-27 12:39:30
633,Vytegra,61.0064,36.4481,54.48,71,30,6.58,RU,2021-09-27 12:39:31
634,Helena,46.5927,-112.0361,54.23,47,1,0.0,US,2021-09-27 12:39:32
635,Karema,-6.8205,30.4389,87.12,40,29,9.44,TZ,2021-09-27 12:39:33
636,Cocobeach,1.0002,9.5823,80.53,82,100,6.13,GA,2021-09-27 12:39:34
637,Nantucket,41.2835,-70.0995,68.97,75,1,4.61,US,2021-09-27 12:39:36
638,Erzin,36.9559,36.2,91.92,25,0,7.65,TR,2021-09-27 12:39:37
639,Fria,10.4167,-13.5833,87.22,57,100,4.97,GN,2021-09-27 12:39:38
640,Chapais,49.7834,-74.8492,46.18,94,100,7.81,CA,2021-09-27 12:39:40
641,Santo Domingo,18.5001,-69.9886,85.03,79,20,1.99,DO,2021-09-27 12:39:40
642,Abeche,13.8292,20.8324,95.02,35,75,6.91,TD,2021-09-27 12:39:41
643,Kamenskiy,50.8855,45.488,55.13,69,93,16.08,RU,2021-09-27 12:39:43
644,Verkhnevilyuysk,63.4453,120.3167,35.06,78,100,11.16,RU,2021-09-27 12:39:44
645,San Luis,-33.295,-66.3356,59.72,48,0,10.02,AR,2021-09-27 12:39:45
646,Saucillo,28.0167,-105.2833,64.38,83,0,2.77,MX,2021-09-27 12:39:47
647,Carballo,43.213,-8.691,70.75,56,100,5.59,ES,2021-09-27 12:39:48
648,Kribi,2.95,9.9167,79.9,77,100,7.76,CM,2021-09-27 12:39:49
649,Raudeberg,61.9875,5.1352,71.38,67,67,12.55,NO,2021-09-27 12:39:51
650,Galle,6.0367,80.217,79.74,84,51,17.67,LK,2021-09-27 12:37:09
651,Fare,-16.7,-151.0167,78.84,77,7,17.63,PF,2021-09-27 12:39:52
652,Luena,-11.7833,19.9167,92.84,14,100,6.85,AO,2021-09-27 12:39:54
653,Mayumba,-3.432,10.6554,79.7,76,60,8.95,GA,2021-09-27 12:39:56
654,Torbay,47.6666,-52.7314,61.29,97,90,24.16,CA,2021-09-27 12:39:57
655,Broadstairs,51.3591,1.4394,64.02,65,34,15.05,GB,2021-09-27 12:39:59
656,Pusad,19.9,77.5833,76.78,90,100,9.57,IN,2021-09-27 12:40:00
657,Taoudenni,22.6783,-3.9836,110.19,6,51,8.84,ML,2021-09-27 12:40:00
658,Lima,-12.0432,-77.0282,58.14,87,90,1.01,PE,2021-09-27 12:37:32
659,Mahabad,36.7631,45.7222,81.91,12,0,0.54,IR,2021-09-27 12:40:01
660,Olbia,40.9214,9.4856,87.85,33,20,13.8,IT,2021-09-27 12:40:03
661,Mwense,-10.3845,28.698,89.62,23,94,7.07,ZM,2021-09-27 12:40:04
662,Cubuk,40.2386,33.0322,76.91,23,20,4.61,TR,2021-09-27 12:40:06
663,Varenikovskaya,45.1209,37.6417,64.72,57,7,11.14,RU,2021-09-27 12:40:07
664,Bam,29.106,58.357,90.64,9,0,13.71,IR,2021-09-27 12:40:09
665,Geraldton,-28.7667,114.6,59.41,88,40,3.44,AU,2021-09-27 12:40:04
666,Jinchang,38.4953,102.1739,67.95,28,66,3.69,CN,2021-09-27 12:40:10
667,Republic,37.12,-93.4802,67.5,82,1,9.22,US,2021-09-27 12:40:10
668,Manama,26.2154,50.5832,91.58,54,20,17.27,BH,2021-09-27 12:35:50
669,Presidencia Roque Saenz Pena,-26.7852,-60.4388,74.95,38,100,6.29,AR,2021-09-27 12:40:12
670,Xiamen,24.4798,118.0819,84.25,78,20,6.71,CN,2021-09-27 12:35:16
671,Norsup,-16.0667,167.3833,76.46,83,46,11.03,VU,2021-09-27 12:40:13
672,Khotiv,50.3307,30.4684,58.55,71,75,8.95,UA,2021-09-27 12:40:14
673,Vredendal,-31.6683,18.5012,66.61,56,31,20.09,ZA,2021-09-27 12:40:15
674,Zubtsov,56.1753,34.5894,51.17,76,100,8.66,RU,2021-09-27 12:40:17
675,Aranos,-24.1333,19.1167,94.1,9,89,7.23,NA,2021-09-27 12:40:18
676,Pathein,16.7833,94.7333,75.24,96,100,5.21,MM,2021-09-27 12:40:19
677,Baicheng,45.6167,122.8167,56.64,56,0,6.51,CN,2021-09-27 12:36:32
678,Da Lat,11.9465,108.4419,61.65,98,13,1.7,VN,2021-09-27 12:40:20
679,Dandong,40.1292,124.3947,62.38,93,100,3.29,CN,2021-09-27 12:36:31
680,Beyneu,45.3167,55.2,67.84,36,100,19.42,KZ,2021-09-27 12:40:20
681,Terney,45.0503,136.6092,57.69,88,100,4.7,RU,2021-09-27 12:40:22
682,Turukhansk,65.8167,87.9833,37.56,79,53,5.55,RU,2021-09-27 12:40:22
683,Englehart,47.8169,-79.8664,46.96,93,40,6.91,CA,2021-09-27 12:40:24
684,Waterloo,43.4668,-80.5164,65.46,80,75,8.99,CA,2021-09-27 12:36:20
685,Fort Smith,35.3859,-94.3986,64.35,84,1,1.99,US,2021-09-27 12:40:25
686,Morehead,37.2711,-87.1764,63.3,91,1,0.0,US,2021-09-27 12:40:26
687,San Andres,12.5847,-81.7006,82.42,83,40,11.5,CO,2021-09-27 12:37:07
688,Hamilton,39.1834,-84.5333,63.0,78,40,1.99,US,2021-09-27 12:40:27
689,Waingapu,-9.6567,120.2641,78.85,77,17,8.55,ID,2021-09-27 12:40:28
690,Grand Gaube,-20.0064,57.6608,77.4,68,0,13.0,MU,2021-09-27 12:40:28
691,Isla Vista,34.4133,-119.861,63.28,82,90,0.0,US,2021-09-27 12:40:30
692,Uri,34.0833,74.0333,70.07,88,24,3.83,IN,2021-09-27 12:40:31
693,Lingao,19.9103,109.6859,80.92,84,85,8.93,CN,2021-09-27 12:38:07
694,Biloela,-24.4167,150.5,60.84,83,84,9.86,AU,2021-09-27 12:40:31
695,Lumeje,-11.55,20.7833,92.01,16,94,6.08,AO,2021-09-27 12:40:32
696,Tiarei,-17.5333,-149.3333,75.22,78,79,19.06,PF,2021-09-27 12:40:33
697,Kosikha,53.3617,84.5822,39.97,94,10,8.75,RU,2021-09-27 12:40:35
698,Gualdo Tadino,43.2317,12.781,79.14,70,62,8.99,IT,2021-09-27 12:40:37
699,Mitsamiouli,-11.3847,43.2844,84.49,65,20,9.22,KM,2021-09-27 12:40:38
700,Amapa,1.0,-52.0,85.44,53,2,5.19,BR,2021-09-27 12:40:36
701,Durango,24.8333,-104.8333,60.4,78,88,1.34,MX,2021-09-27 12:40:40
702,Kysyl-Syr,63.8986,122.7617,34.59,80,66,9.22,RU,2021-09-27 12:40:41
703,Kaniama,-7.5667,24.1833,89.1,35,92,5.03,CD,2021-09-27 12:40:42
704,Lucapa,-8.4192,20.7447,87.24,38,51,6.4,AO,2021-09-27 12:40:44
705,Kishtwar,33.3167,75.7667,69.35,83,9,3.36,IN,2021-09-27 12:40:45
706,Christchurch,-43.5333,172.6333,39.0,78,3,3.44,NZ,2021-09-27 12:37:36
707,Lavrentiya,65.5833,-171.0,25.86,78,15,4.38,RU,2021-09-27 12:40:46
708,Tepalcingo,18.6,-98.85,65.64,96,51,1.48,MX,2021-09-27 12:40:47
709,Ban Nahin,18.2418,104.2122,75.63,92,16,3.15,LA,2021-09-27 12:40:48
